{
    "dx": 0.00625, 
    "dy": 0.00625, 
    "dt": 7.36569563735987e-12,
    "nx": 500, 
    "ny": 500, 
    "nt": 500, 
    "sampling_rate": 5,
    "write_ez" : true,
    "write_hx" : false,
    "write_hy" : false
}
